{
  "GPT": {
    "loss": 3.112360010723039,
    "perplexity": 22.47402079379334,
    "checkpoint_loss": 3.5199591775576273,
    "params": 12211200
  },
  "NextLat d=1": {
    "loss": 3.1202096917126227,
    "perplexity": 22.651128899229892,
    "checkpoint_loss": 3.595082945481936,
    "params": 12211200
  },
  "NextLat d=2": {
    "loss": 3.1179000390625,
    "perplexity": 22.59887302902396,
    "checkpoint_loss": 3.607803844467799,
    "params": 12211200
  }
}